,co2_mean,ch4_mean,co2_mean_fit,ch4_mean_fit
0,321.98,0.0,142.46014404296875,137.6153564453125
1,323.78,0.0,141.1527557373047,139.3147735595703
2,325.13,0.0,142.8314208984375,138.05702209472656
1,323.78,0.0,142.3223114013672,137.43988037109375
2,325.13,0.0,141.01364135742188,139.1428680419922
3,325.54,0.0,142.6954345703125,137.8812713623047
2,325.13,0.0,142.27059936523438,137.37246704101562
3,325.54,0.0,140.96141052246094,139.07687377929688
4,325.67,0.0,142.64450073242188,137.8138427734375
3,325.54,0.0,142.43772888183594,137.5839385986328
4,325.67,0.0,141.13006591796875,139.28414916992188
5,326.58,0.0,142.80955505371094,138.02572631835938
4,325.67,0.0,142.6966552734375,137.91139221191406
5,326.58,0.0,141.39137268066406,139.6051025390625
6,327.69,0.0,143.06520080566406,138.35386657714844
5,326.58,0.0,142.91259765625,138.1839599609375
6,327.69,0.0,141.6093292236328,139.87225341796875
7,327.3,0.0,143.27845764160156,138.6270751953125
6,327.69,0.0,142.98907470703125,138.2801055908203
7,327.3,0.0,141.68650817871094,139.96653747558594
8,326.13,0.0,143.3540496826172,138.72344970703125
7,327.3,0.0,143.032470703125,138.333740234375
8,326.13,0.0,141.7302703857422,140.01918029785156
9,324.91,0.0,143.39694213867188,138.7772979736328
8,326.13,0.0,143.21737670898438,138.5654754638672
9,324.91,0.0,141.91696166992188,140.2462921142578
10,322.98,0.0,143.57958984375,139.00970458984375
9,324.91,0.0,143.4298095703125,138.8326873779297
10,322.98,0.0,142.13140869140625,140.50820922851562
11,322.65,0.0,143.7893524169922,139.2776641845703
10,322.98,0.0,143.3166046142578,138.6919708251953
11,322.65,0.0,142.01718139648438,140.37017822265625
12,324.06,0.0,143.67747497558594,139.136474609375
11,322.65,0.0,143.05953979492188,138.37025451660156
12,324.06,0.0,141.75772094726562,140.05470275878906
13,325.56,0.0,143.42340087890625,138.8137664794922
12,324.06,0.0,142.8252716064453,138.0765380859375
13,325.56,0.0,141.52125549316406,139.7667999267578
14,332.29,0.0,143.19203186035156,138.51922607421875
13,325.56,0.0,142.5497589111328,137.72744750976562
14,332.29,0.0,141.2431182861328,139.4247589111328
15,331.04,0.0,142.92005920410156,138.16941833496094
14,332.29,0.0,142.52818298339844,137.6986083984375
15,331.04,0.0,141.22132873535156,139.3965606689453
16,329.67,0.0,142.8988494873047,138.14060974121094
15,331.04,0.0,142.78143310546875,138.01690673828125
16,329.67,0.0,141.4767608642578,139.7088623046875
17,329.33,0.0,143.14930725097656,138.45968627929688
16,329.67,0.0,143.12945556640625,138.4501190185547
17,329.33,0.0,141.82809448242188,140.13336181640625
18,330.47,0.0,143.49295043945312,138.89430236816406
17,329.33,0.0,144.9149627685547,140.6843719482422
18,330.47,0.0,143.63052368164062,142.3248748779297
19,331.97,0.0,145.2581024169922,141.13601684570312
18,330.47,0.0,144.40988159179688,140.0555419921875
19,331.97,0.0,143.12069702148438,141.70774841308594
20,332.77,0.0,144.75843811035156,140.5047607421875
19,331.97,0.0,143.99659729003906,139.53953552246094
20,332.77,0.0,142.7034454345703,141.20164489746094
21,333.1,0.0,144.349853515625,139.98692321777344
20,332.77,0.0,143.94789123535156,139.47735595703125
21,333.1,0.0,142.6542205810547,141.14076232910156
22,334.07,0.0,144.3018035888672,139.92457580566406
21,333.1,0.0,144.33731079101562,139.9622039794922
22,334.07,0.0,143.0472869873047,141.61643981933594
23,335.78,0.0,144.68690490722656,140.41122436523438
22,334.07,0.0,144.90170288085938,140.6656951904297
23,335.78,0.0,143.6169891357422,142.30682373046875
24,336.49,0.0,145.24525451660156,141.1173095703125
23,335.78,0.0,145.26034545898438,141.11277770996094
24,336.49,0.0,143.9789276123047,142.74581909179688
25,335.96,0.0,145.6002655029297,141.5661163330078
24,336.49,0.0,145.4828643798828,141.38937377929688
25,335.96,0.0,144.20339965820312,143.01759338378906
26,334.64,0.0,145.82069396972656,141.84378051757812
25,335.96,0.0,146.1008758544922,142.1595001220703
26,334.64,0.0,144.82705688476562,143.77406311035156
27,332.31,0.0,146.43275451660156,142.61688232421875
26,334.64,0.0,147.28195190429688,143.63792419433594
27,332.31,0.0,146.01878356933594,145.2272186279297
28,330.66,0.0,147.6032257080078,144.10084533691406
27,332.31,0.0,147.7812042236328,144.2659454345703
28,330.66,0.0,146.52255249023438,145.8447723388672
29,330.55,0.0,148.0982666015625,144.73109436035156
28,330.66,0.0,147.18002319335938,143.512451171875
29,330.55,0.0,145.91627502441406,145.1034393310547
30,331.73,0.0,147.50184631347656,143.9749755859375
29,330.55,0.0,146.10711669921875,142.17153930664062
30,331.73,0.0,144.83375549316406,143.7853546142578
31,333.75,0.0,146.43846130371094,142.6289520263672
30,331.73,0.0,144.91537475585938,140.6851806640625
31,333.75,0.0,143.6309051513672,142.3257598876953
32,335.17,0.0,145.2586212158203,141.1367950439453
31,333.75,0.0,144.33969116210938,139.96673583984375
32,335.17,0.0,143.04974365234375,141.6208038330078
33,335.78,0.0,144.68919372558594,140.41566467285156
32,335.17,0.0,144.36376953125,139.995361328125
33,335.78,0.0,143.073974609375,141.64906311035156
34,336.7,0.0,144.71315002441406,140.4444580078125
33,335.78,0.0,144.87350463867188,140.62930297851562
34,336.7,0.0,143.5884246826172,142.27125549316406
35,337.77,0.0,145.21751403808594,141.08082580566406
34,336.7,0.0,145.87454223632812,141.87734985351562
35,337.77,0.0,144.59869384765625,143.496826171875
36,338.02,0.0,146.20851135253906,142.3336639404297
35,337.77,0.0,146.78858947753906,143.02003479003906
36,338.02,0.0,145.52098083496094,144.61984252929688
37,337.57,0.0,147.1142120361328,143.48065185546875
36,338.02,0.0,147.3345947265625,143.70364379882812
37,337.57,0.0,146.0717010498047,145.29209899902344
38,336.17,0.0,147.65562438964844,144.16671752929688
37,337.57,0.0,148.248291015625,144.85154724121094
38,336.17,0.0,146.99330139160156,146.42141723632812
39,333.89,0.0,148.56202697753906,145.31858825683594
38,336.17,0.0,149.41131591796875,146.321044921875
39,333.89,0.0,148.166015625,147.86822509765625
40,332.18,0.0,149.71669006347656,146.79258728027344
39,333.89,0.0,149.6068115234375,146.56976318359375
40,332.18,0.0,148.36329650878906,148.11300659179688
41,332.2,0.0,149.91078186035156,147.0420684814453
40,332.18,0.0,148.8270263671875,145.58441162109375
41,332.2,0.0,147.577392578125,147.1422576904297
42,333.25,0.0,149.13609313964844,146.0539093017578
41,332.2,0.0,147.26634216308594,143.6216583251953
42,333.25,0.0,146.00338745117188,145.21083068847656
43,334.64,0.0,147.5874481201172,144.0845489501953
42,333.25,0.0,145.71652221679688,141.6834259033203
43,334.64,0.0,144.43943786621094,143.30604553222656
44,336.12,0.0,146.05174255371094,142.13893127441406
43,334.64,0.0,144.9608612060547,140.74009704589844
44,336.12,0.0,143.67669677734375,142.37986755371094
45,337.21,0.0,145.3038330078125,141.1919708251953
44,336.12,0.0,145.03221130371094,140.82789611816406
45,337.21,0.0,143.74862670898438,142.46617126464844
46,338.51,0.0,145.37454223632812,141.28013610839844
45,337.21,0.0,145.59152221679688,141.52439880371094
46,338.51,0.0,144.3130340576172,143.1501922607422
47,339.01,0.0,145.92828369140625,141.9793243408203
46,338.51,0.0,146.47711181640625,142.62962341308594
47,339.01,0.0,145.20663452148438,144.2361297607422
48,338.93,0.0,146.80555725097656,143.08876037597656
47,339.01,0.0,147.6754608154297,144.1311798095703
48,338.93,0.0,146.4154815673828,145.71270751953125
49,338.97,0.0,147.99375915527344,144.5957794189453
48,338.93,0.0,148.88427734375,145.65318298339844
49,338.97,0.0,147.63449096679688,147.21067810058594
50,337.78,0.0,149.1934051513672,146.12271118164062
49,338.97,0.0,150.59521484375,147.82435607910156
50,337.78,0.0,149.35903930664062,149.34986877441406
51,335.57,0.0,150.89349365234375,148.2996063232422
50,337.78,0.0,151.3526611328125,148.79200744628906
51,335.57,0.0,150.1221466064453,150.30419921875
52,333.94,0.0,151.64698791503906,149.26918029785156
51,335.57,0.0,151.19073486328125,148.5850372314453
52,333.94,0.0,149.95924377441406,150.09974670410156
53,334.41,0.0,151.48565673828125,149.06192016601562
52,333.94,0.0,150.93475341796875,148.26028442382812
53,334.41,0.0,149.70175170898438,149.77914428710938
54,335.66,0.0,151.23085021972656,148.7366485595703
53,334.41,0.0,148.971923828125,145.7684326171875
54,335.66,0.0,147.72349548339844,147.32350158691406
55,336.81,0.0,149.280029296875,146.2384796142578
54,335.66,0.0,146.87062072753906,143.12506103515625
55,336.81,0.0,145.6039276123047,144.72288513183594
56,338.92,0.0,147.1953582763672,143.58607482910156
55,336.81,0.0,145.9259490966797,141.94241333007812
56,338.92,0.0,144.6505889892578,143.5607452392578
57,340.3,0.0,146.2594451904297,142.39894104003906
56,338.92,0.0,146.29531860351562,142.4027099609375
57,340.3,0.0,145.02320861816406,144.01309204101562
58,341.47,0.0,146.6254119873047,142.8610076904297
57,340.3,0.0,147.27330017089844,143.62649536132812
58,341.47,0.0,146.009765625,145.2163848876953
59,342.89,0.0,147.59495544433594,144.0892791748047
58,341.47,0.0,148.55181884765625,145.2327117919922
59,342.89,0.0,147.29913330078125,146.79689025878906
60,342.91,0.0,148.8634796142578,145.7008819580078
59,342.89,0.0,151.59481811523438,149.0991668701172
60,342.91,0.0,150.36566162109375,150.6075897216797
61,341.74,0.0,151.88815307617188,149.57672119140625
60,342.91,0.0,154.9092254638672,153.37301635742188
61,341.74,0.0,153.7018280029297,154.82899475097656
62,339.16,0.0,155.1912384033203,153.8540802001953
61,341.74,0.0,159.43753051757812,159.29051208496094
62,339.16,0.0,158.25559997558594,160.6840057373047
63,337.04,0.0,159.7155303955078,159.76617431640625
62,339.16,0.0,167.2783660888672,169.65249633789062
63,337.04,0.0,166.13577270507812,170.9505157470703
64,336.6,0.0,167.5713348388672,170.09942626953125
63,337.04,0.0,165.91358947753906,167.8561553955078
64,336.6,0.0,164.76553344726562,169.16966247558594
65,336.6,0.0,166.20310974121094,168.30909729003906
64,336.6,0.0,158.03985595703125,157.4736328125
65,336.6,0.0,156.85223388671875,158.88442993164062
66,337.55,0.0,158.318115234375,157.95217895507812
65,336.6,0.0,151.11325073242188,148.48939514160156
66,337.55,0.0,149.8813934326172,150.00543212890625
67,339.17,0.0,151.40869140625,148.9661102294922
66,337.55,0.0,148.40127563476562,145.0460205078125
67,339.17,0.0,147.1477508544922,146.61268615722656
68,340.45,0.0,148.7137451171875,145.5137176513672
67,339.17,0.0,148.007080078125,144.5491943359375
68,340.45,0.0,146.7500762939453,146.12387084960938
69,341.48,0.0,148.3226776123047,145.0152130126953
68,340.45,0.0,148.15182495117188,144.73019409179688
69,341.48,0.0,146.8958740234375,146.3022003173828
70,342.42,0.0,148.4664306640625,145.19677734375
69,341.48,0.0,149.40274047851562,146.30831909179688
70,342.42,0.0,148.15699768066406,147.85609436035156
71,343.46,0.0,149.70848083496094,146.77967834472656
70,342.42,0.0,152.07012939453125,149.7084197998047
71,343.46,0.0,150.8443603515625,151.2087860107422
72,343.7,0.0,152.3612823486328,150.18695068359375
71,343.46,0.0,155.28871154785156,153.8666229248047
72,343.7,0.0,154.08372497558594,155.31687927246094
73,342.48,0.0,155.5698699951172,154.34768676757812
72,343.7,0.0,159.2679443359375,159.06781005859375
73,342.48,0.0,158.08493041992188,160.4638214111328
74,340.53,0.0,159.54611206054688,159.5438232421875
73,342.48,0.0,164.85317993164062,166.43211364746094
74,340.53,0.0,163.69801330566406,167.75924682617188
75,338.8,0.0,165.13919067382812,166.88999938964844
74,340.53,0.0,173.20162963867188,177.51023864746094
75,338.8,0.0,172.08741760253906,178.73931884765625
76,337.48,0.0,173.5158233642578,177.92576599121094
75,338.8,0.0,173.54620361328125,177.98190307617188
76,337.48,0.0,172.43490600585938,179.20648193359375
77,337.64,0.0,173.86285400390625,178.39488220214844
76,337.48,0.0,162.3004150390625,163.07891845703125
77,337.64,0.0,161.13461303710938,164.43589782714844
78,339.0,0.0,162.58213806152344,163.5461883544922
77,337.64,0.0,154.2951202392578,152.58526611328125
78,339.0,0.0,153.0851593017578,154.0493621826172
79,340.32,0.0,154.57830810546875,153.06654357910156
78,339.0,0.0,150.68540954589844,147.94203186035156
79,340.32,0.0,149.4501495361328,149.4658203125
80,341.21,0.0,150.98321533203125,148.4175567626953
79,340.32,0.0,149.0562744140625,145.87188720703125
80,341.21,0.0,147.8079071044922,147.42613220214844
81,342.1,0.0,149.3643035888672,146.342041015625
80,341.21,0.0,149.48040771484375,146.40701293945312
81,342.1,0.0,148.2352752685547,147.9533233642578
82,343.13,0.0,149.78564453125,146.87864685058594
81,342.1,0.0,151.72703552246094,149.26861572265625
82,343.13,0.0,150.49888610839844,150.7747344970703
83,343.92,0.0,152.01971435546875,149.74647521972656
82,343.13,0.0,154.82550048828125,153.2654266357422
83,343.92,0.0,153.61778259277344,154.7224578857422
84,343.86,0.0,155.1076202392578,153.74655151367188
83,343.92,0.0,158.01979064941406,157.4311981201172
84,343.86,0.0,156.83023071289062,158.84352111816406
85,342.96,0.0,158.29798889160156,157.9096221923828
84,343.86,0.0,162.7281494140625,163.62355041503906
85,342.96,0.0,161.56251525878906,164.97633361816406
86,341.55,0.0,163.00987243652344,164.0895538330078
85,342.96,0.0,170.67962646484375,174.15310668945312
86,341.55,0.0,169.5524444580078,175.41197204589844
87,339.34,0.0,170.9835662841797,174.5830841064453
86,341.55,0.0,178.56015014648438,184.63490295410156
87,339.34,0.0,177.47250366210938,185.8011474609375
88,337.41,0.0,178.89849853515625,185.0171356201172
87,339.34,0.0,176.13372802734375,181.41659545898438
88,337.41,0.0,175.03472900390625,182.61111450195312
89,337.73,0.0,176.46144104003906,181.81398010253906
88,337.41,0.0,166.109619140625,168.1158447265625
89,337.73,0.0,164.9624481201172,169.4271240234375
90,339.13,0.0,166.39979553222656,168.56788635253906
89,337.73,0.0,157.47390747070312,156.7304229736328
90,339.13,0.0,156.2830047607422,158.14889526367188
91,340.75,0.0,157.7523193359375,157.20989990234375
90,339.13,0.0,151.5242462158203,149.01461791992188
91,340.75,0.0,150.29525756835938,150.52374267578125
92,342.05,0.0,151.8177947998047,149.4922332763672
91,340.75,0.0,148.9948272705078,145.79405212402344
92,342.05,0.0,147.7459259033203,147.34947204589844
93,342.46,0.0,149.30328369140625,146.26394653320312
92,342.05,0.0,149.62252807617188,146.58700561523438
93,342.46,0.0,148.37847900390625,148.13070678710938
94,343.21,0.0,149.92686462402344,147.05908203125
93,342.46,0.0,152.0924835205078,149.7364044189453
94,343.21,0.0,150.86676025390625,151.2364959716797
95,345.21,0.0,152.38356018066406,150.2149200439453
94,343.21,0.0,156.39157104492188,155.30235290527344
95,345.21,0.0,155.1930694580078,156.73672485351562
96,346.19,1639.45,156.67083740234375,155.78289794921875
95,345.21,0.0,161.90213012695312,162.53692626953125
96,346.19,1639.45,160.73268127441406,163.8997344970703
97,345.39,1633.46,162.18276977539062,163.0056610107422
96,346.19,1639.45,165.10903930664062,166.76651000976562
97,345.39,1633.46,163.9545135498047,168.09120178222656
98,343.61,1633.17,165.3958740234375,167.223388671875
97,345.39,1633.46,334.032470703125,405.59979248046875
98,343.61,1633.17,334.0798645019531,403.8281555175781
99,341.29,1631.46,334.47515869140625,404.1272277832031
98,343.61,1633.17,366.9976806640625,452.4382019042969
99,341.29,1631.46,367.2754821777344,449.9685363769531
100,339.86,1648.35,367.3817138671875,450.653076171875
99,341.29,1631.46,367.8816223144531,453.8055725097656
100,339.86,1648.35,368.1672058105469,451.3210754394531
101,340.06,1663.77,368.2652282714844,452.0080261230469
100,339.86,1648.35,367.88116455078125,453.8049621582031
101,340.06,1663.77,368.1667175292969,451.3204345703125
102,341.23,1658.31,368.2647399902344,452.0074157714844
101,340.06,1663.77,367.88140869140625,453.8052673339844
102,341.23,1658.31,368.1669616699219,451.32073974609375
103,342.81,1654.25,368.26495361328125,452.0076904296875
102,341.23,1658.31,367.8818664550781,453.805908203125
103,342.81,1654.25,368.16741943359375,451.3213806152344
104,344.03,1658.98,368.26544189453125,452.0083312988281
103,342.81,1654.25,367.88189697265625,453.80596923828125
104,344.03,1658.98,368.1674499511719,451.3214111328125
105,344.69,1656.57,368.2655029296875,452.0083923339844
104,344.03,1658.98,367.882080078125,453.8062438964844
105,344.69,1656.57,368.1676330566406,451.3216552734375
106,345.62,1655.66,368.2657165527344,452.00860595703125
105,344.69,1656.57,367.8824462890625,453.8066711425781
106,345.62,1655.66,368.16796875,451.3221130371094
107,346.92,1657.7,368.2660217285156,452.0090637207031
106,345.62,1655.66,367.8824768066406,453.8067321777344
107,346.92,1657.7,368.16802978515625,451.3221435546875
108,347.49,1649.41,368.2660827636719,452.0091247558594
107,346.92,1657.7,367.8825988769531,453.8068542480469
108,347.49,1649.41,368.16815185546875,451.3222961425781
109,346.73,1633.72,368.26617431640625,452.0092468261719
108,347.49,1649.41,367.88287353515625,453.8072204589844
109,346.73,1633.72,368.16845703125,451.3226623535156
110,345.2,1629.62,368.2664794921875,452.0096740722656
109,346.73,1633.72,367.88275146484375,453.80706787109375
110,345.2,1629.62,368.1683044433594,451.3225402832031
111,342.96,1643.84,368.266357421875,452.0095520019531
110,345.2,1629.62,367.8822021484375,453.80633544921875
111,342.96,1643.84,368.1677551269531,451.3218078613281
112,341.4,1663.22,368.26580810546875,452.0087890625
111,342.96,1643.84,367.8818359375,453.8058776855469
112,341.4,1663.22,368.1673889160156,451.3212585449219
113,341.79,1673.73,368.2654113769531,452.0082702636719
112,341.4,1663.22,367.8818054199219,453.80584716796875
113,341.79,1673.73,368.1673889160156,451.3213195800781
114,343.08,1676.17,368.2654113769531,452.0082702636719
113,341.79,1673.73,367.882080078125,453.8061828613281
114,343.08,1676.17,368.16766357421875,451.3216247558594
115,343.99,1671.13,368.26568603515625,452.00860595703125
114,343.08,1676.17,367.8824462890625,453.8066711425781
115,343.99,1671.13,368.1679992675781,451.3221130371094
116,344.68,1662.45,368.2660217285156,452.0090637207031
115,343.99,1671.13,367.88275146484375,453.8070373535156
116,344.68,1662.45,368.1682434082031,451.3224792480469
117,345.74,1665.35,368.266357421875,452.00946044921875
116,344.68,1662.45,367.88275146484375,453.8070983886719
117,345.74,1665.35,368.1683044433594,451.3224792480469
118,346.95,1677.28,368.2663269042969,452.0094909667969
117,345.74,1665.35,367.8825988769531,453.8069152832031
118,346.95,1677.28,368.1681823730469,451.3223571777344
119,347.9,1674.23,368.2662353515625,452.0093078613281
118,346.95,1677.28,367.88287353515625,453.8072509765625
119,347.9,1674.23,368.1684265136719,451.3226623535156
120,348.67,1666.05,368.2664794921875,452.0096740722656
119,347.9,1674.23,367.8833923339844,453.8078918457031
120,348.67,1666.05,368.1689453125,451.32330322265625
121,348.29,1658.56,368.2669677734375,452.0102844238281
120,348.67,1666.05,367.8834228515625,453.8079528808594
121,348.29,1658.56,368.1689758300781,451.3233947753906
122,346.29,1653.47,368.26702880859375,452.0104064941406
121,348.29,1658.56,367.88336181640625,453.807861328125
122,346.29,1653.47,368.1689147949219,451.32330322265625
123,343.99,1653.8,368.2669677734375,452.0102844238281
122,346.29,1653.47,367.8831481933594,453.80755615234375
123,343.99,1653.8,368.1686706542969,451.3229675292969
124,342.88,1667.54,368.2667236328125,452.00994873046875
123,343.99,1653.8,367.8826599121094,453.8069763183594
124,342.88,1667.54,368.168212890625,451.3223571777344
125,342.94,1680.79,368.26629638671875,452.0093688964844
124,342.88,1667.54,367.88232421875,453.8064880371094
125,342.94,1680.79,368.1678466796875,451.3218994140625
126,344.14,1680.03,368.265869140625,452.0088806152344
125,342.94,1680.79,367.88250732421875,453.80670166015625
126,344.14,1680.03,368.1680603027344,451.3221130371094
127,345.4,1677.19,368.26605224609375,452.0091247558594
126,344.14,1680.03,367.8828125,453.80718994140625
127,345.4,1677.19,368.1683654785156,451.3226013183594
128,346.2,1675.11,368.26641845703125,452.0095520019531
127,345.4,1677.19,367.88299560546875,453.8074035644531
128,346.2,1675.11,368.1685485839844,451.3227844238281
129,346.71,1666.17,368.2666015625,452.0097961425781
128,346.2,1675.11,367.88311767578125,453.80755615234375
129,346.71,1666.17,368.1686706542969,451.3230285644531
130,347.78,1671.94,368.2667236328125,452.0099792480469
129,346.71,1666.17,367.8831787109375,453.80767822265625
130,347.78,1671.94,368.1687927246094,451.3230895996094
131,349.39,1687.7,368.26678466796875,452.0101013183594
130,347.78,1671.94,367.883056640625,453.8074645996094
131,349.39,1687.7,368.1686096191406,451.3229064941406
132,350.05,1685.43,368.26666259765625,452.0099182128906
131,349.39,1687.7,367.88336181640625,453.8078918457031
132,350.05,1685.43,368.1689147949219,451.3232727050781
133,349.15,1684.24,368.2669677734375,452.0102844238281
132,350.05,1685.43,367.8840026855469,453.8086853027344
133,349.15,1684.24,368.1695861816406,451.3241271972656
134,347.14,1681.97,368.267578125,452.0111083984375
133,349.15,1684.24,367.88409423828125,453.8087463378906
134,347.14,1681.97,368.1695861816406,451.3241882324219
135,345.34,1669.95,368.26763916015625,452.01116943359375
134,347.14,1681.97,367.8838806152344,453.80853271484375
135,345.34,1669.95,368.16943359375,451.3239440917969
136,344.13,1679.66,368.2674560546875,452.0109558105469
135,345.34,1669.95,367.883544921875,453.8080749511719
136,344.13,1679.66,368.1690979003906,451.3235168457031
137,343.89,1690.43,368.26715087890625,452.0104675292969
136,344.13,1679.66,367.8829345703125,453.8073425292969
137,343.89,1690.43,368.1684875488281,451.32275390625
138,345.45,1691.83,368.26654052734375,452.0097351074219
137,343.89,1690.43,367.88299560546875,453.8074035644531
138,345.45,1691.83,368.1685485839844,451.32281494140625
139,346.92,1697.28,368.2665710449219,452.0097961425781
138,345.45,1691.83,367.88323974609375,453.8077087402344
139,346.92,1697.28,368.1687927246094,451.3230895996094
140,347.58,1692.01,368.2668151855469,452.0101623535156
139,346.92,1697.28,367.883544921875,453.8080749511719
140,347.58,1692.01,368.1690368652344,451.3235168457031
141,348.33,1689.77,368.2671203613281,452.0104675292969
140,347.58,1692.01,367.88385009765625,453.80853271484375
141,348.33,1689.77,368.1694030761719,451.3239440917969
142,349.34,1694.31,368.2674560546875,452.0109558105469
141,348.33,1689.77,367.88385009765625,453.8084411621094
142,349.34,1694.31,368.16937255859375,451.32391357421875
143,350.82,1695.54,368.2674560546875,452.0108947753906
142,349.34,1694.31,367.8839111328125,453.8085632324219
143,350.82,1695.54,368.1694030761719,451.3240051269531
144,351.85,1694.29,368.26751708984375,452.010986328125
143,350.82,1695.54,367.8841552734375,453.8088684082031
144,351.85,1694.29,368.1697082519531,451.3243103027344
145,351.47,1687.1,368.26776123046875,452.01129150390625
144,351.85,1694.29,367.8843994140625,453.8092346191406
145,351.47,1687.1,368.1699523925781,451.3246154785156
146,349.69,1680.58,368.2679748535156,452.0116271972656
145,351.47,1687.1,367.884521484375,453.8094177246094
146,349.69,1680.58,368.1700744628906,451.3247375488281
147,347.54,1678.28,368.26812744140625,452.0118103027344
146,349.69,1680.58,367.88427734375,453.8091125488281
147,347.54,1678.28,368.1698303222656,451.3244934082031
148,346.51,1680.98,368.26788330078125,452.0115051269531
147,347.54,1678.28,367.88385009765625,453.80853271484375
148,346.51,1680.98,368.1694030761719,451.3239440917969
149,346.87,1700.85,368.2674560546875,452.0109558105469
148,346.51,1680.98,367.8835144042969,453.80804443359375
149,346.87,1700.85,368.1690368652344,451.323486328125
150,348.16,1716.04,368.26708984375,452.0104064941406
149,346.87,1700.85,367.8834228515625,453.8079528808594
150,348.16,1716.04,368.1689758300781,451.3233642578125
151,349.46,1707.47,368.2669982910156,452.0103454589844
150,348.16,1716.04,367.88397216796875,453.8086242675781
151,349.46,1707.47,368.16949462890625,451.3240661621094
152,350.33,1697.69,368.26751708984375,452.0110168457031
151,349.46,1707.47,367.88446044921875,453.809326171875
152,350.33,1697.69,368.1700439453125,451.32470703125
153,351.39,1700.67,368.26806640625,452.0117492675781
152,350.33,1697.69,367.88446044921875,453.809326171875
153,351.39,1700.67,368.1700134277344,451.3247375488281
154,352.56,1705.39,368.26806640625,452.01171875
153,351.39,1700.67,367.8843994140625,453.8092041015625
154,352.56,1705.39,368.169921875,451.3245544433594
155,353.75,1707.56,368.2679443359375,452.0115661621094
154,352.56,1705.39,367.88458251953125,453.8094787597656
155,353.75,1707.56,368.1701354980469,451.3248596191406
156,354.38,1705.23,368.2681884765625,452.0118713378906
155,353.75,1707.56,367.88482666015625,453.8098449707031
156,354.38,1705.23,368.17041015625,451.3252258300781
157,353.86,1698.38,368.2684631347656,452.0122375488281
156,354.38,1705.23,367.88507080078125,453.8100891113281
157,353.86,1698.38,368.17059326171875,451.3254699707031
158,352.36,1687.23,368.2686767578125,452.0124816894531
157,353.86,1698.38,367.8851013183594,453.8101501464844
158,352.36,1687.23,368.1706848144531,451.3255310058594
159,350.16,1691.28,368.2687072753906,452.0125427246094
158,352.36,1687.23,367.8848876953125,453.8098449707031
159,350.16,1691.28,368.1704406738281,451.3252868652344
160,348.81,1700.7,368.2684326171875,452.0122375488281
159,350.16,1691.28,367.8843994140625,453.8092956542969
160,348.81,1700.7,368.1699523925781,451.3246765136719
161,349.12,1708.28,368.26800537109375,452.0116271972656
160,348.81,1700.7,367.88421630859375,453.8089904785156
161,349.12,1708.28,368.16973876953125,451.3243713378906
162,350.13,1719.36,368.267822265625,452.0113830566406
161,349.12,1708.28,367.88421630859375,453.8089904785156
162,350.13,1719.36,368.1697692871094,451.32440185546875
163,351.58,1725.67,368.267822265625,452.01141357421875
162,350.13,1719.36,367.8844299316406,453.8092956542969
163,351.58,1725.67,368.1700134277344,451.3246765136719
164,352.71,1720.88,368.26800537109375,452.0116882324219
163,351.58,1725.67,367.8847961425781,453.8097839355469
164,352.71,1720.88,368.1703796386719,451.3251647949219
165,353.11,1712.75,368.2684326171875,452.0121765136719
164,352.71,1720.88,367.8851318359375,453.8102722167969
165,353.11,1712.75,368.1706848144531,451.3255920410156
166,353.91,1714.97,368.2687683105469,452.01263427734375
165,353.11,1712.75,367.88519287109375,453.810302734375
166,353.91,1714.97,368.1707458496094,451.3256530761719
167,355.49,1723.46,368.268798828125,452.0127258300781
166,353.91,1714.97,367.88507080078125,453.81011962890625
167,355.49,1723.46,368.170654296875,451.3255310058594
168,356.1,1724.46,368.2686767578125,452.0125427246094
167,355.49,1723.46,367.88525390625,453.8103332519531
168,356.1,1724.46,368.1708068847656,451.3257141113281
169,355.37,1713.1,368.26885986328125,452.0127258300781
168,356.1,1724.46,367.8856201171875,453.810791015625
169,355.37,1713.1,368.171142578125,451.3262023925781
170,353.95,1699.86,368.26922607421875,452.0132141113281
169,355.37,1713.1,367.8857421875,453.8109436035156
170,353.95,1699.86,368.1712646484375,451.3263244628906
171,351.4,1706.74,368.2693176269531,452.0133361816406
170,353.95,1699.86,367.8854064941406,453.810546875
171,351.4,1706.74,368.1709289550781,451.3258972167969
172,349.56,1720.76,368.26898193359375,452.0129089355469
171,351.4,1706.74,367.88494873046875,453.8099365234375
172,349.56,1720.76,368.17047119140625,451.3252868652344
173,349.94,1721.99,368.26849365234375,452.0122985839844
172,349.56,1720.76,367.8847351074219,453.8096618652344
173,349.94,1721.99,368.1702575683594,451.3250427246094
174,351.58,1726.29,368.2683410644531,452.0120544433594
173,349.94,1721.99,367.884765625,453.8097839355469
174,351.58,1726.29,368.1703186035156,451.3251037597656
175,352.91,1730.64,368.26837158203125,452.0121765136719
174,351.58,1726.29,367.88482666015625,453.8098449707031
175,352.91,1730.64,368.1703796386719,451.3252258300781
176,354.08,1727.95,368.2684631347656,452.01220703125
175,352.91,1730.64,367.8851623535156,453.8102111816406
176,354.08,1727.95,368.1707458496094,451.32562255859375
177,355.18,1728.59,368.2687683105469,452.0126647949219
176,354.08,1727.95,367.88543701171875,453.8105773925781
177,355.18,1728.59,368.1709899902344,451.3259582519531
178,355.97,1733.77,368.26904296875,452.0129699707031
177,355.18,1728.59,367.8855285644531,453.8106994628906
178,355.97,1733.77,368.1710510253906,451.3260803222656
179,356.78,1737.53,368.2691345214844,452.0130920410156
178,355.97,1733.77,367.88568115234375,453.8108825683594
179,356.78,1737.53,368.1712341308594,451.3262634277344
180,357.25,1734.68,368.269287109375,452.0133361816406
179,356.78,1737.53,367.8858642578125,453.8111877441406
180,357.25,1734.68,368.1714172363281,451.3265380859375
181,356.4,1722.25,368.26947021484375,452.0135803222656
180,357.25,1734.68,367.8860168457031,453.8113708496094
181,356.4,1722.25,368.1716003417969,451.3267517089844
182,354.6,1712.69,368.2696533203125,452.0137634277344
181,356.4,1722.25,367.88604736328125,453.8114013671875
182,354.6,1712.69,368.1716003417969,451.3267822265625
183,352.51,1718.09,368.2696533203125,452.0137939453125
182,354.6,1712.69,367.88568115234375,453.8109436035156
183,352.51,1718.09,368.1712341308594,451.3263244628906
184,351.28,1733.82,368.269287109375,452.0133361816406
183,352.51,1718.09,367.88525390625,453.8104553222656
184,351.28,1733.82,368.1708068847656,451.3257751464844
185,351.6,1736.93,368.26885986328125,452.0127868652344
184,351.28,1733.82,367.8851318359375,453.8101501464844
185,351.6,1736.93,368.1706848144531,451.3255920410156
186,353.18,1741.56,368.26873779296875,452.0125732421875
185,351.6,1736.93,367.88531494140625,453.8103942871094
186,353.18,1741.56,368.17083740234375,451.3257751464844
187,354.74,1749.56,368.2689208984375,452.0127868652344
186,353.18,1741.56,367.8853759765625,453.8105163574219
187,354.74,1749.56,368.1709289550781,451.3258972167969
188,355.32,1734.87,368.26898193359375,452.0129699707031
187,354.74,1749.56,367.88568115234375,453.8108825683594
188,355.32,1734.87,368.1712341308594,451.3262939453125
189,356.19,1731.14,368.269287109375,452.0133056640625
188,355.32,1734.87,367.88604736328125,453.8113708496094
189,356.19,1731.14,368.17156982421875,451.3266906738281
190,357.64,1746.49,368.2696533203125,452.0137634277344
189,356.19,1731.14,367.8858642578125,453.81109619140625
190,357.64,1746.49,368.1713562011719,451.3264465332031
191,358.78,1749.58,368.2694091796875,452.01348876953125
190,357.64,1746.49,367.8858337402344,453.8111267089844
191,358.78,1749.58,368.17138671875,451.3265075683594
192,359.44,1747.44,368.2694091796875,452.0135498046875
191,358.78,1749.58,367.88629150390625,453.8117370605469
192,359.44,1747.44,368.1718444824219,451.3271179199219
193,358.38,1739.94,368.2698974609375,452.01416015625
192,359.44,1747.44,367.88653564453125,453.8119812011719
193,358.38,1739.94,368.17205810546875,451.3273620605469
194,355.96,1730.92,368.2701110839844,452.0144348144531
193,358.38,1739.94,367.88653564453125,453.8120422363281
194,355.96,1730.92,368.1720886230469,451.327392578125
195,353.92,1722.12,368.2701416015625,452.0144348144531
194,355.96,1730.92,367.88629150390625,453.8116760253906
195,353.92,1722.12,368.1718444824219,451.32708740234375
196,352.52,1734.56,368.2698974609375,452.01409912109375
195,353.92,1722.12,367.8858337402344,453.8111267089844
196,352.52,1734.56,368.1713562011719,451.32647705078125
197,352.62,1751.76,368.2694091796875,452.0135192871094
196,352.52,1734.56,367.8854064941406,453.8105163574219
197,352.62,1751.76,368.1709289550781,451.3258972167969
198,354.1,1750.4,368.26898193359375,452.0129089355469
197,352.62,1751.76,367.885498046875,453.8106384277344
198,354.1,1750.4,368.1710510253906,451.3260192871094
199,355.54,1752.36,368.26910400390625,452.0130310058594
198,354.1,1750.4,367.88580322265625,453.8110656738281
199,355.54,1752.36,368.1713562011719,451.3264465332031
200,356.74,1755.64,368.2694091796875,452.0134582519531
199,355.54,1752.36,367.885986328125,453.811279296875
200,356.74,1755.64,368.1715087890625,451.3266906738281
201,357.39,1750.16,368.26959228515625,452.0137023925781
200,356.74,1755.64,367.88616943359375,453.8115539550781
201,357.39,1750.16,368.1717224121094,451.326904296875
202,358.23,1752.33,368.269775390625,452.0139465332031
201,357.39,1750.16,367.8863525390625,453.81182861328125
202,358.23,1752.33,368.1719055175781,451.3271789550781
203,359.28,1753.26,368.2699890136719,452.01422119140625
202,358.23,1752.33,367.8863525390625,453.8117980957031
203,359.28,1753.26,368.1719055175781,451.3271179199219
204,360.05,1744.68,368.26995849609375,452.0141906738281
203,359.28,1753.26,367.8865051269531,453.8119812011719
204,360.05,1744.68,368.1720275878906,451.32733154296875
205,359.59,1743.27,368.27008056640625,452.0143737792969
204,360.05,1744.68,367.8866271972656,453.8121643066406
205,359.59,1743.27,368.1721496582031,451.3275146484375
206,357.27,1736.28,368.270263671875,452.0145568847656
205,359.59,1743.27,367.8865661621094,453.8120422363281
206,357.27,1736.28,368.1721496582031,451.3274230957031
207,355.13,1725.83,368.2701721191406,452.01446533203125
206,357.27,1736.28,367.8865051269531,453.8119812011719
207,355.13,1725.83,368.1720275878906,451.3273010253906
208,353.79,1729.8,368.27008056640625,452.0143737792969
207,355.13,1725.83,367.8861083984375,453.8114318847656
208,353.79,1729.8,368.171630859375,451.3267822265625
209,353.66,1740.79,368.2696838378906,452.0138244628906
208,353.79,1729.8,367.8856201171875,453.8108215332031
209,353.66,1740.79,368.1711730957031,451.3262023925781
210,354.73,1755.43,368.26922607421875,452.0132141113281
209,353.66,1740.79,367.8855285644531,453.8106994628906
210,354.73,1755.43,368.17108154296875,451.3260803222656
211,356.08,1758.31,368.26910400390625,452.0130920410156
210,354.73,1755.43,367.8857421875,453.81097412109375
211,356.08,1758.31,368.1712646484375,451.32635498046875
212,356.92,1747.88,368.26934814453125,452.0133361816406
211,356.08,1758.31,367.88616943359375,453.8114929199219
212,356.92,1747.88,368.1716613769531,451.3268737792969
213,357.51,1745.8,368.2697448730469,452.013916015625
212,356.92,1747.88,367.8863525390625,453.8117980957031
213,357.51,1745.8,368.171875,451.3271484375
214,358.36,1747.9,368.26995849609375,452.0141906738281
213,357.51,1745.8,367.88623046875,453.8116760253906
214,358.36,1747.9,368.1718444824219,451.3270568847656
215,359.67,1746.74,368.26983642578125,452.0140686035156
214,358.36,1747.9,367.8862609863281,453.81170654296875
215,359.67,1746.74,368.1718444824219,451.32708740234375
216,360.59,1749.71,368.2698974609375,452.0141296386719
215,359.67,1746.74,367.8864440917969,453.8119201660156
216,360.59,1749.71,368.1719665527344,451.3272399902344
217,359.8,1745.53,368.27001953125,452.0142822265625
216,360.59,1749.71,367.8865661621094,453.81207275390625
217,359.8,1745.53,368.1720886230469,451.3274230957031
218,357.86,1731.91,368.2701416015625,452.0144348144531
217,359.8,1745.53,367.88671875,453.8122863769531
218,357.86,1731.91,368.1722717285156,451.3276062011719
219,355.65,1732.1,368.27032470703125,452.0146789550781
218,357.86,1731.91,367.8865661621094,453.8120422363281
219,355.65,1732.1,368.1720886230469,451.3274230957031
220,353.95,1744.48,368.2701416015625,452.01446533203125
219,355.65,1732.1,367.8861083984375,453.8114318847656
220,353.95,1744.48,368.1716003417969,451.3267517089844
221,354.31,1760.23,368.2696838378906,452.0138244628906
220,353.95,1744.48,367.88580322265625,453.8110656738281
221,354.31,1760.23,368.1713562011719,451.3264465332031
222,355.52,1768.14,368.2694091796875,452.01348876953125
221,354.31,1760.23,367.8858337402344,453.8111267089844
222,355.52,1768.14,368.1714172363281,451.3265075683594
223,357.02,1763.5,368.2694091796875,452.0135192871094
222,355.52,1768.14,367.88616943359375,453.8116149902344
223,357.02,1763.5,368.1717529296875,451.3269348144531
224,358.41,1759.92,368.269775390625,452.0139465332031
223,357.02,1763.5,367.886474609375,453.8119201660156
224,358.41,1759.92,368.1719970703125,451.3273010253906
225,358.99,1752.22,368.27008056640625,452.0143127441406
224,358.41,1759.92,367.88653564453125,453.81207275390625
225,358.99,1752.22,368.1720886230469,451.3274230957031
226,359.82,1754.6,368.2701721191406,452.0144348144531
225,358.99,1752.22,367.88665771484375,453.8122253417969
226,359.82,1754.6,368.1722106933594,451.3275451660156
227,361.17,1763.79,368.270263671875,452.0145568847656
226,359.82,1754.6,367.8865966796875,453.8121032714844
227,361.17,1763.79,368.1721496582031,451.3274841308594
228,361.86,1755.26,368.2701721191406,452.01446533203125
227,361.17,1763.79,367.88671875,453.8122863769531
228,361.86,1755.26,368.1722717285156,451.3276062011719
229,360.97,1746.61,368.27032470703125,452.0146789550781
228,361.86,1755.26,367.88702392578125,453.8127136230469
229,360.97,1746.61,368.1725769042969,451.3279724121094
230,359.06,1737.41,368.2705993652344,452.0150451660156
229,360.97,1746.61,367.886962890625,453.8125305175781
230,359.06,1737.41,368.1724853515625,451.3279113769531
231,357.07,1734.08,368.27056884765625,452.0149841308594
230,359.06,1737.41,367.8866882324219,453.812255859375
231,357.07,1734.08,368.1722717285156,451.3276062011719
232,355.45,1757.16,368.27032470703125,452.0146484375
231,357.07,1734.08,367.88629150390625,453.8117370605469
232,355.45,1757.16,368.171875,451.3271179199219
233,355.68,1778.63,368.2698974609375,452.0141296386719
232,355.45,1757.16,367.885986328125,453.8113708496094
233,355.68,1778.63,368.17156982421875,451.32672119140625
234,357.61,1781.25,368.26959228515625,452.0137634277344
233,355.68,1778.63,367.88623046875,453.8116760253906
234,357.61,1781.25,368.1717834472656,451.3269958496094
235,359.67,1779.28,368.26983642578125,452.0140686035156
234,357.61,1781.25,367.88665771484375,453.8122253417969
235,359.67,1779.28,368.1722106933594,451.3275451660156
236,360.35,1764.57,368.270263671875,452.0146179199219
235,359.67,1779.28,367.8869323730469,453.81256103515625
236,360.35,1764.57,368.1724548339844,451.3279113769531
237,360.74,1757.22,368.27056884765625,452.01495361328125
236,360.35,1764.57,367.8870849609375,453.8127746582031
237,360.74,1757.22,368.1726989746094,451.3280944824219
238,361.96,1764.77,368.2707214355469,452.0151672363281
237,360.74,1757.22,367.8869323730469,453.8125305175781
238,361.96,1764.77,368.1725158691406,451.3279113769531
239,363.07,1762.94,368.2705078125,452.01495361328125
238,361.96,1764.77,367.8868103027344,453.8124694824219
239,363.07,1762.94,368.1723937988281,451.3277893066406
240,363.77,1762.32,368.27044677734375,452.0148620605469
239,363.07,1762.94,367.88714599609375,453.8127746582031
240,363.77,1762.32,368.1726379394531,451.3281555175781
241,363.42,1759.17,368.2707214355469,452.01519775390625
240,363.77,1762.32,367.88720703125,453.8128967285156
241,363.42,1759.17,368.1727600097656,451.3282165527344
242,361.5,1749.36,368.2707824707031,452.0152893066406
241,363.42,1759.17,367.88720703125,453.8129577636719
242,361.5,1749.36,368.1728210449219,451.32830810546875
243,359.31,1751.27,368.2708435058594,452.0153503417969
242,361.5,1749.36,367.88714599609375,453.8128356933594
243,359.31,1751.27,368.1726989746094,451.3282165527344
244,358.18,1761.45,368.2707824707031,452.0152587890625
243,359.31,1751.27,367.88677978515625,453.8123779296875
244,358.18,1761.45,368.17236328125,451.3277282714844
245,358.23,1768.92,368.2703857421875,452.0148010253906
244,358.18,1761.45,367.8865966796875,453.8121032714844
245,358.23,1768.92,368.1721496582031,451.3274841308594
246,359.59,1768.42,368.27020263671875,452.0144958496094
245,358.23,1768.92,367.88665771484375,453.8121643066406
246,359.59,1768.42,368.1722106933594,451.3275451660156
247,361.15,1772.89,368.270263671875,452.01458740234375
246,359.59,1768.42,367.88677978515625,453.8123779296875
247,361.15,1772.89,368.1723327636719,451.3277282714844
248,362.23,1771.35,368.2703857421875,452.0147399902344
247,361.15,1772.89,367.8869323730469,453.8125305175781
248,362.23,1771.35,368.1724853515625,451.3279113769531
249,363.34,1770.58,368.2705078125,452.0149230957031
248,362.23,1771.35,367.88714599609375,453.8128356933594
249,363.34,1770.58,368.1726989746094,451.3281555175781
250,364.31,1769.83,368.270751953125,452.0152282714844
249,363.34,1770.58,367.8872375488281,453.8129577636719
250,364.31,1769.83,368.17279052734375,451.3282775878906
251,364.94,1759.09,368.2708435058594,452.0153503417969
250,364.31,1769.83,367.8873291015625,453.8130798339844
251,364.94,1759.09,368.1728820800781,451.32843017578125
252,365.49,1755.14,368.27093505859375,452.0154724121094
251,364.94,1759.09,367.8874206542969,453.8132019042969
252,365.49,1755.14,368.1730041503906,451.3285217285156
253,365.26,1753.72,368.2710266113281,452.0155944824219
252,365.49,1755.14,367.8873291015625,453.8130187988281
253,365.26,1753.72,368.1728820800781,451.3283996582031
254,363.66,1747.17,368.27093505859375,452.0154113769531
253,365.26,1753.72,367.8873291015625,453.8130187988281
254,363.66,1747.17,368.1728820800781,451.3283996582031
255,361.27,1745.69,368.27093505859375,452.0154113769531
254,363.66,1747.17,367.8872375488281,453.8129577636719
255,361.27,1745.69,368.1728210449219,451.3283386230469
256,359.43,1767.13,368.2708740234375,452.015380859375
255,361.27,1745.69,367.886962890625,453.8126220703125
256,359.43,1767.13,368.1725769042969,451.3279724121094
257,359.52,1774.68,368.2706298828125,452.0150146484375
256,359.43,1767.13,367.88671875,453.8122863769531
257,359.52,1774.68,368.1722717285156,451.3276062011719
258,361.06,1770.04,368.27032470703125,452.0146789550781
257,359.52,1774.68,367.88690185546875,453.8124694824219
258,361.06,1770.04,368.17242431640625,451.32781982421875
259,362.16,1773.01,368.2705078125,452.0148620605469
258,361.06,1770.04,367.8870544433594,453.81268310546875
259,362.16,1773.01,368.1725769042969,451.3280334472656
260,363.21,1769.98,368.2706298828125,452.0150451660156
259,362.16,1773.01,367.8871154785156,453.8127746582031
260,363.21,1769.98,368.1726379394531,451.328125
261,364.04,1768.77,368.27069091796875,452.0151672363281
260,363.21,1769.98,367.88720703125,453.8129577636719
261,364.04,1768.77,368.1728210449219,451.3282775878906
262,365.06,1775.55,368.2708740234375,452.0154113769531
261,364.04,1768.77,367.88726806640625,453.81304931640625
262,365.06,1775.55,368.1728515625,451.3283996582031
263,366.71,1780.62,368.27093505859375,452.0154113769531
262,365.06,1775.55,367.8874206542969,453.81317138671875
263,366.71,1780.62,368.1729431152344,451.3285217285156
264,366.82,1776.72,368.27099609375,452.0155334472656
263,366.71,1780.62,367.8876037597656,453.81341552734375
264,366.82,1776.72,368.1731262207031,451.3287353515625
265,365.64,1768.18,368.2712097167969,452.01580810546875
264,366.82,1776.72,367.8878173828125,453.813720703125
265,365.64,1768.18,368.1733703613281,451.3290710449219
266,364.24,1751.51,368.2714538574219,452.01611328125
265,365.64,1768.18,367.8945007324219,453.82244873046875
266,364.24,1751.51,368.1800842285156,451.3376770019531
267,362.3,1750.42,368.27813720703125,452.0248718261719
266,364.24,1751.51,367.89453125,453.8224792480469
267,362.3,1750.42,368.18011474609375,451.33770751953125
268,360.64,1775.65,368.2781677246094,452.0249328613281
267,362.3,1750.42,367.8945617675781,453.8224792480469
268,360.64,1775.65,368.1800842285156,451.33770751953125
269,360.85,1784.9,368.2781677246094,452.02490234375
268,360.64,1775.65,367.8945617675781,453.8224792480469
269,360.85,1784.9,368.1800842285156,451.3376770019531
270,362.67,1784.15,368.2781677246094,452.0248718261719
269,360.85,1784.9,367.8945617675781,453.8224792480469
270,362.67,1784.15,368.1800842285156,451.3377380371094
271,364.3,1783.2,368.2781677246094,452.0249328613281
270,362.67,1784.15,367.8945617675781,453.8225402832031
271,364.3,1783.2,368.18011474609375,451.3377380371094
272,365.41,1772.28,368.2781982421875,452.0249328613281
271,364.3,1783.2,367.89459228515625,453.8225402832031
272,365.41,1772.28,368.1801452636719,451.3377380371094
273,366.2,1766.23,368.2781982421875,452.0249328613281
272,365.41,1772.28,367.89459228515625,453.8225402832031
273,366.2,1766.23,368.1801452636719,451.3377380371094
274,367.27,1774.56,368.2781982421875,452.0249328613281
273,366.2,1766.23,367.89459228515625,453.8225402832031
274,367.27,1774.56,368.1801452636719,451.3377380371094
275,368.81,1780.38,368.2781982421875,452.0249328613281
274,367.27,1774.56,367.89459228515625,453.8225402832031
275,368.81,1780.38,368.1801452636719,451.3377380371094
276,369.56,1781.3,368.2781982421875,452.0249328613281
275,368.81,1780.38,367.89459228515625,453.8225402832031
276,369.56,1781.3,368.1801452636719,451.3377380371094
277,369.14,1779.04,368.2781982421875,452.0249328613281
276,369.56,1781.3,367.89459228515625,453.8225402832031
277,369.14,1779.04,368.1801452636719,451.3377685546875
278,367.89,1762.52,368.2781982421875,452.02496337890625
277,369.14,1779.04,367.89459228515625,453.8225402832031
278,367.89,1762.52,368.1801452636719,451.3377685546875
279,365.89,1757.31,368.2781982421875,452.02496337890625
278,367.89,1762.52,367.89459228515625,453.8225402832031
279,365.89,1757.31,368.1801452636719,451.3377380371094
280,364.29,1771.11,368.2781982421875,452.0249328613281
279,365.89,1757.31,367.89459228515625,453.8225402832031
280,364.29,1771.11,368.1801452636719,451.3377380371094
281,364.29,1787.42,368.2781982421875,452.0249328613281
280,364.29,1771.11,367.8945617675781,453.8225402832031
281,364.29,1787.42,368.1801452636719,451.3377380371094
282,365.76,1798.47,368.2781982421875,452.0249328613281
281,364.29,1787.42,367.89459228515625,453.8225402832031
282,365.76,1798.47,368.1801452636719,451.3377380371094
283,367.68,1802.99,368.2781982421875,452.0249328613281
282,365.76,1798.47,367.89459228515625,453.8225402832031
283,367.68,1802.99,368.1801452636719,451.3377380371094
284,368.52,1796.38,368.2781982421875,452.0249328613281
283,367.68,1802.99,367.89459228515625,453.82257080078125
284,368.52,1796.38,368.1801452636719,451.3377380371094
285,368.79,1784.86,368.2781982421875,452.02496337890625
284,368.52,1796.38,367.89459228515625,453.82257080078125
285,368.79,1784.86,368.1801452636719,451.3377990722656
286,369.92,1788.09,368.2781982421875,452.02496337890625
285,368.79,1784.86,367.89459228515625,453.82257080078125
286,369.92,1788.09,368.1801452636719,451.3377685546875
287,371.06,1788.4,368.2781982421875,452.02496337890625
286,369.92,1788.09,367.89459228515625,453.8226013183594
287,371.06,1788.4,368.1801452636719,451.3377990722656
288,371.07,1773.35,368.2781982421875,452.02496337890625
287,371.06,1788.4,367.89459228515625,453.8225402832031
288,371.07,1773.35,368.1801452636719,451.3377990722656
289,370.59,1771.13,368.2781982421875,452.02496337890625
288,371.07,1773.35,367.89459228515625,453.82257080078125
289,370.59,1771.13,368.1801452636719,451.3377685546875
290,369.31,1766.99,368.2782287597656,452.02496337890625
289,370.59,1771.13,367.89459228515625,453.8225402832031
290,369.31,1766.99,368.1801452636719,451.3377685546875
291,367.11,1768.75,368.2781982421875,452.02496337890625
290,369.31,1766.99,367.89459228515625,453.82257080078125
291,367.11,1768.75,368.1801452636719,451.3377685546875
292,365.27,1785.83,368.2781982421875,452.02496337890625
291,367.11,1768.75,367.89459228515625,453.8225402832031
292,365.27,1785.83,368.1801452636719,451.3377685546875
293,365.58,1794.49,368.2781982421875,452.02496337890625
292,365.27,1785.83,367.89459228515625,453.8225402832031
293,365.58,1794.49,368.1801452636719,451.3377685546875
294,366.97,1796.6,368.2781982421875,452.02496337890625
293,365.58,1794.49,367.89459228515625,453.8225402832031
294,366.97,1796.6,368.1801452636719,451.3377685546875
295,368.51,1801.84,368.2781982421875,452.02496337890625
294,366.97,1796.6,367.89459228515625,453.82257080078125
295,368.51,1801.84,368.1801452636719,451.3377990722656
296,369.76,1802.11,368.2781982421875,452.02496337890625
295,368.51,1801.84,367.89459228515625,453.82257080078125
296,369.76,1802.11,368.1801452636719,451.3377685546875
297,370.28,1793.95,368.2781982421875,452.02496337890625
296,369.76,1802.11,367.89459228515625,453.82257080078125
297,370.28,1793.95,368.1801452636719,451.3377685546875
298,371.0,1791.85,368.2781982421875,452.02496337890625
297,370.28,1793.95,367.89459228515625,453.82257080078125
298,371.0,1791.85,368.1801452636719,451.3377990722656
299,371.96,1786.88,368.2782287597656,452.02496337890625
298,371.0,1791.85,367.89459228515625,453.82257080078125
299,371.96,1786.88,368.1801452636719,451.3377990722656
300,372.05,1773.99,368.2782287597656,452.02496337890625
299,371.96,1786.88,367.8946228027344,453.82257080078125
300,372.05,1773.99,368.1801452636719,451.3377990722656
301,371.52,1772.28,368.27825927734375,452.02496337890625
300,372.05,1773.99,367.89459228515625,453.82257080078125
301,371.52,1772.28,368.1801452636719,451.3377990722656
302,370.2,1769.45,368.2782287597656,452.02496337890625
301,371.52,1772.28,367.8946228027344,453.82257080078125
302,370.2,1769.45,368.1801452636719,451.3377990722656
303,368.23,1762.16,368.27825927734375,452.02496337890625
302,370.2,1769.45,367.89459228515625,453.82257080078125
303,368.23,1762.16,368.1801452636719,451.3377990722656
304,367.01,1773.82,368.2782287597656,452.02496337890625
303,368.23,1762.16,367.89459228515625,453.82257080078125
304,367.01,1773.82,368.1801452636719,451.3377990722656
305,367.26,1796.99,368.2782287597656,452.02496337890625
304,367.01,1773.82,367.89459228515625,453.82257080078125
305,367.26,1796.99,368.1801452636719,451.3377685546875
306,368.51,1798.8,368.2782287597656,452.02496337890625
305,367.26,1796.99,367.89459228515625,453.82257080078125
306,368.51,1798.8,368.1801452636719,451.3377990722656
307,369.75,1790.71,368.2782287597656,452.02496337890625
306,368.51,1798.8,367.89459228515625,453.82257080078125
307,369.75,1790.71,368.1801452636719,451.3377990722656
308,370.88,1789.21,368.27825927734375,452.02496337890625
307,369.75,1790.71,367.89459228515625,453.82257080078125
308,370.88,1789.21,368.1801452636719,451.3377990722656
309,371.98,1793.45,368.2782287597656,452.02496337890625
308,370.88,1789.21,367.8946228027344,453.82257080078125
309,371.98,1793.45,368.1801452636719,451.3377990722656
310,373.0,1800.97,368.27825927734375,452.02496337890625
309,371.98,1793.45,367.8946228027344,453.82257080078125
310,373.0,1800.97,368.1801452636719,451.3377990722656
311,373.86,1797.34,368.27825927734375,452.02496337890625
310,373.0,1800.97,367.8946228027344,453.8226013183594
311,373.86,1797.34,368.1801452636719,451.3377990722656
312,374.36,1783.26,368.27825927734375,452.02496337890625
311,373.86,1797.34,367.8946228027344,453.8226013183594
312,374.36,1783.26,368.18017578125,451.3377990722656
313,373.54,1773.29,368.27825927734375,452.0249938964844
312,374.36,1783.26,367.8946228027344,453.8226013183594
313,373.54,1773.29,368.18017578125,451.3377990722656
314,371.51,1769.24,368.27825927734375,452.02496337890625
313,373.54,1773.29,367.89459228515625,453.8226013183594
314,371.51,1769.24,368.18017578125,451.3377990722656
315,369.57,1764.75,368.27825927734375,452.0249938964844
314,371.51,1769.24,367.8946228027344,453.82257080078125
315,369.57,1764.75,368.1801452636719,451.3377990722656
316,368.34,1779.84,368.27825927734375,452.02496337890625
315,369.57,1764.75,367.8946228027344,453.8226013183594
316,368.34,1779.84,368.1801452636719,451.3377990722656
317,368.6,1790.89,368.27825927734375,452.02496337890625
316,368.34,1779.84,367.89459228515625,453.82257080078125
317,368.6,1790.89,368.1801452636719,451.3377990722656
318,370.29,1793.11,368.2782287597656,452.02496337890625
317,368.6,1790.89,367.89459228515625,453.82257080078125
318,370.29,1793.11,368.1801452636719,451.3377990722656
319,371.59,1795.99,368.2782287597656,452.02496337890625
318,370.29,1793.11,367.8946228027344,453.8226013183594
319,371.59,1795.99,368.1801452636719,451.3377990722656
320,372.34,1787.42,368.27825927734375,452.02496337890625
319,371.59,1795.99,367.89459228515625,453.8226013183594
320,372.34,1787.42,368.18017578125,451.33782958984375
321,373.11,1782.97,368.27825927734375,452.02496337890625
320,372.34,1787.42,367.89459228515625,453.8226013183594
321,373.11,1782.97,368.18017578125,451.3377990722656
322,374.08,1786.07,368.27825927734375,452.0249938964844
321,373.11,1782.97,367.89459228515625,453.8226013183594
322,374.08,1786.07,368.1801452636719,451.3377990722656
323,374.96,1781.93,368.27825927734375,452.02496337890625
322,374.08,1786.07,367.89459228515625,453.8226013183594
323,374.96,1781.93,368.1801452636719,451.3377990722656
324,375.68,1778.42,368.27825927734375,452.02496337890625
323,374.96,1781.93,367.89459228515625,453.8226013183594
324,375.68,1778.42,368.18017578125,451.3377990722656
325,375.72,1774.51,368.27825927734375,452.0249938964844
324,375.68,1778.42,367.8946228027344,453.8226013183594
325,375.72,1774.51,368.18017578125,451.3377990722656
326,374.04,1766.39,368.27825927734375,452.0249938964844
325,375.72,1774.51,367.8946228027344,453.8226013183594
326,374.04,1766.39,368.18017578125,451.3377990722656
327,371.36,1766.17,368.27825927734375,452.0249938964844
326,374.04,1766.39,367.89459228515625,453.8226013183594
327,371.36,1766.17,368.18017578125,451.3377990722656
328,369.89,1780.36,368.27825927734375,452.0249938964844
327,371.36,1766.17,367.89459228515625,453.8226013183594
328,369.89,1780.36,368.18017578125,451.3377990722656
329,370.62,1795.44,368.27825927734375,452.0249938964844
328,369.89,1780.36,367.89459228515625,453.82257080078125
329,370.62,1795.44,368.1801452636719,451.3377990722656
330,372.57,1801.23,368.27825927734375,452.02496337890625
329,370.62,1795.44,367.8946228027344,453.8226013183594
330,372.57,1801.23,368.1801452636719,451.3377990722656
331,373.82,1792.55,368.27825927734375,452.0249938964844
330,372.57,1801.23,367.89459228515625,453.8226013183594
331,373.82,1792.55,368.18017578125,451.3377990722656
332,374.8,1785.95,368.27825927734375,452.0249938964844
331,373.82,1792.55,367.89459228515625,453.8226013183594
332,374.8,1785.95,368.18017578125,451.3377990722656
333,375.94,1791.85,368.27825927734375,452.0249938964844
332,374.8,1785.95,367.89459228515625,453.8226013183594
333,375.94,1791.85,368.18017578125,451.3377990722656
334,376.99,1796.83,368.27825927734375,452.0249938964844
333,375.94,1791.85,367.89459228515625,453.8226013183594
334,376.99,1796.83,368.18017578125,451.3377990722656
335,378.26,1794.94,368.27825927734375,452.0249938964844
334,376.99,1796.83,367.8946228027344,453.8226013183594
335,378.26,1794.94,368.18017578125,451.33782958984375
336,379.06,1786.99,368.27825927734375,452.0249938964844
335,378.26,1794.94,367.8946533203125,453.8226013183594
336,379.06,1786.99,368.18017578125,451.33782958984375
337,378.44,1790.5,368.27825927734375,452.0249938964844
336,379.06,1786.99,367.8946228027344,453.8226013183594
337,378.44,1790.5,368.18017578125,451.33782958984375
338,376.7,1785.3,368.27825927734375,452.0249938964844
337,378.44,1790.5,367.8946228027344,453.8226013183594
338,376.7,1785.3,368.1802062988281,451.33782958984375
339,374.71,1773.13,368.27825927734375,452.0249938964844
338,376.7,1785.3,367.8946228027344,453.8226013183594
339,374.71,1773.13,368.1802062988281,451.33782958984375
340,373.13,1788.17,368.27825927734375,452.0249938964844
339,374.71,1773.13,367.8946533203125,453.8226013183594
340,373.13,1788.17,368.18017578125,451.33782958984375
341,373.31,1806.06,368.27825927734375,452.0249938964844
340,373.13,1788.17,367.8946228027344,453.8226013183594
341,373.31,1806.06,368.18017578125,451.3377990722656
342,375.03,1807.69,368.27825927734375,452.0249938964844
341,373.31,1806.06,367.8946228027344,453.8226013183594
342,375.03,1807.69,368.18017578125,451.3377990722656
343,376.21,1794.48,368.27825927734375,452.0249938964844
342,375.03,1807.69,367.8946228027344,453.8226013183594
343,376.21,1794.48,368.1802062988281,451.33782958984375
344,377.02,1789.81,368.27825927734375,452.0249938964844
343,376.21,1794.48,367.8946228027344,453.8226318359375
344,377.02,1789.81,368.18017578125,451.3378601074219
345,377.99,1798.0,368.27825927734375,452.0249938964844
344,377.02,1789.81,367.8946533203125,453.8226013183594
345,377.99,1798.0,368.1802062988281,451.3378601074219
346,379.63,1806.85,368.27825927734375,452.0249938964844
345,377.99,1798.0,367.8946533203125,453.8226013183594
346,379.63,1806.85,368.1802062988281,451.33782958984375
347,380.91,1805.5,368.27825927734375,452.0249938964844
346,379.63,1806.85,367.8946533203125,453.8226318359375
347,380.91,1805.5,368.1802062988281,451.3378601074219
348,380.94,1787.84,368.27825927734375,452.0249938964844
347,380.91,1805.5,367.8946533203125,453.8226318359375
348,380.94,1787.84,368.1802062988281,451.3378601074219
349,379.77,1779.75,368.2783203125,452.0249938964844
348,380.94,1787.84,367.8946533203125,453.8226318359375
349,379.77,1779.75,368.1802062988281,451.3378601074219
350,377.51,1774.58,368.2782897949219,452.0249938964844
349,379.77,1779.75,367.8946533203125,453.8226318359375
350,377.51,1774.58,368.1802062988281,451.3378601074219
351,375.71,1769.87,368.2783203125,452.0249938964844
350,377.51,1774.58,367.8946228027344,453.8226623535156
351,375.71,1769.87,368.1802062988281,451.3378601074219
352,374.39,1778.14,368.2782897949219,452.0249938964844
351,375.71,1769.87,367.8946228027344,453.8226623535156
352,374.39,1778.14,368.1802062988281,451.3378601074219
353,374.71,1790.72,368.27825927734375,452.0249938964844
352,374.39,1778.14,367.8946228027344,453.8226013183594
353,374.71,1790.72,368.18017578125,451.33782958984375
354,376.41,1800.58,368.27825927734375,452.0249938964844
353,374.71,1790.72,367.8946533203125,453.8226318359375
354,376.41,1800.58,368.18017578125,451.33782958984375
355,377.77,1796.64,368.27825927734375,452.0249938964844
354,376.41,1800.58,367.8946533203125,453.8226013183594
355,377.77,1796.64,368.1802062988281,451.3378601074219
356,378.74,1788.51,368.27825927734375,452.0249938964844
355,377.77,1796.64,367.8946533203125,453.8226318359375
356,378.74,1788.51,368.1802062988281,451.3378601074219
357,380.36,1796.19,368.2782897949219,452.0249938964844
356,378.74,1788.51,367.8946533203125,453.8226318359375
357,380.36,1796.19,368.1802062988281,451.3378601074219
358,381.91,1802.73,368.2783203125,452.0249938964844
357,380.36,1796.19,367.8946533203125,453.8226318359375
358,381.91,1802.73,368.1802062988281,451.3378601074219
359,382.31,1791.27,368.2782897949219,452.0249938964844
358,381.91,1802.73,367.8946533203125,453.8226318359375
359,382.31,1791.27,368.1802062988281,451.3378601074219
360,382.65,1780.96,368.2783203125,452.0249938964844
359,382.31,1791.27,367.8946533203125,453.8226318359375
360,382.65,1780.96,368.18023681640625,451.3378601074219
361,382.4,1779.99,368.2783203125,452.0250244140625
360,382.65,1780.96,367.8946533203125,453.8226318359375
361,382.4,1779.99,368.18023681640625,451.3378601074219
362,380.94,1771.3,368.2783203125,452.0250244140625
361,382.4,1779.99,367.8946533203125,453.8226318359375
362,380.94,1771.3,368.1802062988281,451.3378601074219
363,378.79,1766.54,368.2783203125,452.0249938964844
362,380.94,1771.3,367.8946533203125,453.8226318359375
363,378.79,1766.54,368.18023681640625,451.3378601074219
364,376.96,1787.19,368.2783203125,452.0250244140625
363,378.79,1766.54,367.8946533203125,453.8226318359375
364,376.96,1787.19,368.1802062988281,451.3378601074219
365,377.22,1806.13,368.2783203125,452.0249938964844
364,376.96,1787.19,367.8946533203125,453.8226318359375
365,377.22,1806.13,368.1802062988281,451.3378601074219
366,378.83,1803.2,368.2782897949219,452.0249938964844
365,377.22,1806.13,367.8946533203125,453.8226318359375
366,378.83,1803.2,368.1802062988281,451.3378601074219
367,380.27,1798.28,368.2783203125,452.0249938964844
366,378.83,1803.2,367.8946533203125,453.8226318359375
367,380.27,1798.28,368.1802062988281,451.3378601074219
368,381.4,1794.48,368.2783203125,452.0249938964844
367,380.27,1798.28,367.8946533203125,453.8226318359375
368,381.4,1794.48,368.18023681640625,451.3378601074219
369,382.1,1785.95,368.2783203125,452.0250244140625
368,381.4,1794.48,367.8946533203125,453.8226623535156
369,382.1,1785.95,368.1802062988281,451.3378601074219
370,383.01,1786.12,368.2783203125,452.0250244140625
369,382.1,1785.95,367.8946533203125,453.8226623535156
370,383.01,1786.12,368.18023681640625,451.3378601074219
371,384.91,1800.63,368.2783203125,452.0250549316406
370,383.01,1786.12,367.8946533203125,453.8226318359375
371,384.91,1800.63,368.1802062988281,451.3378601074219
372,385.6,1798.44,368.2783203125,452.0249938964844
371,384.91,1800.63,367.8946533203125,453.8226623535156
372,385.6,1798.44,368.18023681640625,451.3378601074219
373,384.24,1779.59,368.2783203125,452.0250549316406
372,385.6,1798.44,367.8946533203125,453.8226623535156
373,384.24,1779.59,368.18023681640625,451.3378601074219
374,382.46,1765.35,368.2783203125,452.0250549316406
373,384.24,1779.59,367.8946533203125,453.8226623535156
374,382.46,1765.35,368.18023681640625,451.3378601074219
375,380.23,1762.23,368.2783203125,452.0250549316406
374,382.46,1765.35,367.8946533203125,453.8226623535156
375,380.23,1762.23,368.18023681640625,451.3378601074219
376,378.89,1775.45,368.2783203125,452.0250549316406
375,380.23,1762.23,367.8946533203125,453.8226623535156
376,378.89,1775.45,368.18023681640625,451.3378601074219
377,379.31,1788.47,368.2783203125,452.0250244140625
376,378.89,1775.45,367.8946533203125,453.8226318359375
377,379.31,1788.47,368.1802062988281,451.3378601074219
378,380.59,1791.53,368.2783203125,452.0250244140625
377,379.31,1788.47,367.8946533203125,453.8226623535156
378,380.59,1791.53,368.18023681640625,451.3378601074219
379,382.0,1794.53,368.2783203125,452.0250549316406
378,380.59,1791.53,367.8946533203125,453.8226623535156
379,382.0,1794.53,368.18023681640625,451.3378601074219
380,383.47,1799.2,368.2783203125,452.0250549316406
379,382.0,1794.53,367.8946533203125,453.8226623535156
380,383.47,1799.2,368.18023681640625,451.3378601074219
381,384.63,1802.71,368.2783203125,452.0250549316406
380,383.47,1799.2,367.8946533203125,453.8226623535156
381,384.63,1802.71,368.18023681640625,451.3378601074219
382,385.6,1802.55,368.2783203125,452.0250549316406
381,384.63,1802.71,367.8946533203125,453.8226623535156
382,385.6,1802.55,368.18023681640625,451.3378601074219
383,386.7,1801.63,368.2783203125,452.0250549316406
382,385.6,1802.55,367.8946533203125,453.8226623535156
383,386.7,1801.63,368.1802062988281,451.3378601074219
384,387.1,1795.34,368.2783203125,452.0250549316406
383,386.7,1801.63,367.8946838378906,453.8226623535156
384,387.1,1795.34,368.1802062988281,451.337890625
385,386.53,1781.28,368.2783203125,452.0250549316406
384,387.1,1795.34,367.8946533203125,453.8226623535156
385,386.53,1781.28,368.18023681640625,451.3379211425781
386,384.75,1771.37,368.2783203125,452.0250549316406
385,386.53,1781.28,367.8946533203125,453.8226623535156
386,384.75,1771.37,368.18023681640625,451.337890625
387,381.86,1779.02,368.2783203125,452.0250549316406
386,384.75,1771.37,367.8946533203125,453.8226623535156
387,381.86,1779.02,368.18023681640625,451.337890625
388,380.53,1793.69,368.2783203125,452.0250549316406
387,381.86,1779.02,367.8946533203125,453.8226623535156
388,380.53,1793.69,368.18023681640625,451.3378601074219
389,381.37,1801.88,368.2783203125,452.0250549316406
388,380.53,1793.69,367.8946533203125,453.8226623535156
389,381.37,1801.88,368.18023681640625,451.3378601074219
390,382.86,1803.4,368.2783203125,452.0250549316406
389,381.37,1801.88,367.8946533203125,453.8226623535156
390,382.86,1803.4,368.18023681640625,451.3378601074219
391,384.29,1805.05,368.2783203125,452.0250549316406
390,382.86,1803.4,367.8946533203125,453.8226623535156
391,384.29,1805.05,368.18023681640625,451.337890625
392,385.76,1809.46,368.2783203125,452.0250549316406
391,384.29,1805.05,367.8946533203125,453.8226623535156
392,385.76,1809.46,368.18023681640625,451.3379211425781
393,385.94,1803.08,368.2783203125,452.0250549316406
392,385.76,1809.46,367.8946533203125,453.8226623535156
393,385.94,1803.08,368.18023681640625,451.3379211425781
394,385.8,1792.28,368.2783203125,452.0250549316406
393,385.94,1803.08,367.8946533203125,453.8226623535156
394,385.8,1792.28,368.18023681640625,451.3379211425781
395,387.28,1792.09,368.2783203125,452.0250549316406
394,385.8,1792.28,367.8946533203125,453.8226623535156
395,387.28,1792.09,368.18023681640625,451.3379211425781
396,388.93,1796.1,368.2783203125,452.0250549316406
395,387.28,1792.09,367.8946533203125,453.8226623535156
396,388.93,1796.1,368.18023681640625,451.3379211425781
397,388.69,1791.24,368.2783203125,452.0250549316406
396,388.93,1796.1,367.8946533203125,453.8226623535156
397,388.69,1791.24,368.18023681640625,451.3379211425781
398,386.88,1782.38,368.2783203125,452.0250549316406
397,388.69,1791.24,367.8946533203125,453.82269287109375
398,386.88,1782.38,368.18023681640625,451.3379211425781
399,384.47,1779.48,368.2783203125,452.0250549316406
398,386.88,1782.38,367.8946533203125,453.8226623535156
399,384.47,1779.48,368.18023681640625,451.3379211425781
400,383.0,1794.5,368.2783203125,452.0250549316406
399,384.47,1779.48,367.8946533203125,453.8226623535156
400,383.0,1794.5,368.18023681640625,451.3379211425781
401,383.12,1813.67,368.2783203125,452.0250549316406
400,383.0,1794.5,367.8946533203125,453.8226623535156
401,383.12,1813.67,368.18023681640625,451.3378601074219
402,384.34,1811.98,368.2783203125,452.0250549316406
401,383.12,1813.67,367.8946533203125,453.8226623535156
402,384.34,1811.98,368.18023681640625,451.3379211425781
403,385.88,1812.3,368.2783203125,452.0250549316406
402,384.34,1811.98,367.8946533203125,453.82269287109375
403,385.88,1812.3,368.18023681640625,451.3379211425781
404,387.2,1816.17,368.2783203125,452.0250549316406
403,385.88,1812.3,367.8946533203125,453.82269287109375
404,387.2,1816.17,368.18023681640625,451.3379211425781
405,387.95,1814.83,368.2783203125,452.0250549316406
404,387.2,1816.17,367.8946533203125,453.82269287109375
405,387.95,1814.83,368.18023681640625,451.3379211425781
406,388.63,1815.18,368.2783203125,452.0250549316406
405,387.95,1814.83,367.8946533203125,453.82269287109375
406,388.63,1815.18,368.18023681640625,451.3379211425781
407,389.56,1807.02,368.2783203125,452.0250549316406
406,388.63,1815.18,367.8946533203125,453.82269287109375
407,389.56,1807.02,368.18023681640625,451.3379211425781
408,390.34,1802.81,368.2783203125,452.0250549316406
407,389.56,1807.02,367.8946533203125,453.82269287109375
408,390.34,1802.81,368.18023681640625,451.3379211425781
409,389.75,1806.17,368.2783203125,452.0250549316406
408,390.34,1802.81,367.8946533203125,453.82269287109375
409,389.75,1806.17,368.18023681640625,451.3379211425781
410,387.92,1794.24,368.2783203125,452.0250549316406
409,389.75,1806.17,367.8946533203125,453.82269287109375
410,387.92,1794.24,368.18023681640625,451.3379211425781
411,386.06,1788.16,368.2783203125,452.0250549316406
410,387.92,1794.24,367.8946533203125,453.82269287109375
411,386.06,1788.16,368.18023681640625,451.3379211425781
412,384.64,1801.79,368.2783203125,452.0250549316406
411,386.06,1788.16,367.8946533203125,453.82269287109375
412,384.64,1801.79,368.18023681640625,451.3379211425781
413,384.79,1811.51,368.2783203125,452.0250549316406
412,384.64,1801.79,367.8946533203125,453.82269287109375
413,384.79,1811.51,368.18023681640625,451.3379211425781
414,386.19,1814.76,368.2783203125,452.0250549316406
413,384.79,1811.51,367.8946533203125,453.82269287109375
414,386.19,1814.76,368.18023681640625,451.3379211425781
415,387.71,1815.46,368.2783203125,452.0250549316406
414,386.19,1814.76,367.8946838378906,453.8226623535156
415,387.71,1815.46,368.18023681640625,451.3379211425781
416,388.79,1810.92,368.2783203125,452.0250549316406
415,387.71,1815.46,367.8946838378906,453.8226623535156
416,388.79,1810.92,368.18023681640625,451.3379211425781
417,389.91,1817.98,368.2783203125,452.0250549316406
416,388.79,1810.92,367.8946533203125,453.82269287109375
417,389.91,1817.98,368.18023681640625,451.3379211425781
418,391.27,1821.15,368.2783203125,452.0250549316406
417,389.91,1817.98,367.8946533203125,453.82269287109375
418,391.27,1821.15,368.18023681640625,451.3379211425781
419,392.79,1817.99,368.2783203125,452.0250549316406
418,391.27,1821.15,367.8946533203125,453.82269287109375
419,392.79,1817.99,368.18023681640625,451.3379211425781
420,393.57,1816.61,368.2783203125,452.0250549316406
419,392.79,1817.99,367.8946533203125,453.82269287109375
420,393.57,1816.61,368.18023681640625,451.3379211425781
421,392.45,1803.02,368.2783203125,452.0250549316406
420,393.57,1816.61,367.8946533203125,453.82269287109375
421,392.45,1803.02,368.18023681640625,451.3379211425781
422,390.27,1793.49,368.2783203125,452.0250549316406
421,392.45,1803.02,367.8946533203125,453.82269287109375
422,390.27,1793.49,368.18023681640625,451.3379211425781
423,388.17,1800.69,368.2783203125,452.0250549316406
422,390.27,1793.49,367.8946533203125,453.82269287109375
423,388.17,1800.69,368.18023681640625,451.3379211425781
424,386.74,1810.5,368.2783203125,452.0250549316406
423,388.17,1800.69,367.8946533203125,453.82269287109375
424,386.74,1810.5,368.18023681640625,451.3379211425781
425,387.39,1826.33,368.2783203125,452.0250549316406
424,386.74,1810.5,367.8946533203125,453.82269287109375
425,387.39,1826.33,368.18023681640625,451.3379211425781
426,388.74,1830.62,368.2783203125,452.0250549316406
425,387.39,1826.33,367.8946533203125,453.82269287109375
426,388.74,1830.62,368.18023681640625,451.3379211425781
427,390.23,1821.1,368.2783203125,452.0250549316406
426,388.74,1830.62,367.8946533203125,453.82269287109375
427,390.23,1821.1,368.18023681640625,451.3379211425781
428,391.74,1823.73,368.2783203125,452.0250549316406
427,390.23,1821.1,367.8946533203125,453.82269287109375
428,391.74,1823.73,368.18023681640625,451.3379211425781
429,392.32,1819.8,368.2783203125,452.0250549316406
428,391.74,1823.73,367.8946533203125,453.82269287109375
429,392.32,1819.8,368.18023681640625,451.3379211425781
430,392.82,1815.38,368.2783203125,452.0250549316406
429,392.32,1819.8,367.8946533203125,453.82269287109375
430,392.82,1815.38,368.18023681640625,451.3379211425781
431,393.88,1815.97,368.2783203125,452.0250549316406
430,392.82,1815.38,367.8946533203125,453.82269287109375
431,393.88,1815.97,368.1802673339844,451.3379211425781
432,394.46,1811.63,368.2783203125,452.0250549316406
431,393.88,1815.97,367.8946533203125,453.82269287109375
432,394.46,1811.63,368.1802673339844,451.3379211425781
433,393.99,1810.19,368.2783203125,452.0250549316406
432,394.46,1811.63,367.8946533203125,453.82269287109375
433,393.99,1810.19,368.18023681640625,451.3379211425781
434,392.54,1803.07,368.2783203125,452.0250549316406
433,393.99,1810.19,367.8946533203125,453.82269287109375
434,392.54,1803.07,368.18023681640625,451.3379211425781
435,390.15,1799.99,368.2783203125,452.0250549316406
434,392.54,1803.07,367.8946533203125,453.82269287109375
435,390.15,1799.99,368.18023681640625,451.3379211425781
436,388.78,1813.01,368.2783203125,452.0250549316406
435,390.15,1799.99,367.8946533203125,453.82269287109375
436,388.78,1813.01,368.18023681640625,451.3379211425781
437,389.33,1823.82,368.2783203125,452.0250549316406
436,388.78,1813.01,367.8946533203125,453.82269287109375
437,389.33,1823.82,368.1802673339844,451.3379211425781
438,390.64,1827.53,368.2783203125,452.0250549316406
437,389.33,1823.82,367.8946533203125,453.82269287109375
438,390.64,1827.53,368.18023681640625,451.3379211425781
439,392.34,1831.73,368.2783203125,452.0250549316406
